URL,Language,Question,Answer
https://www.zoomit.ir/mobile-review/458878-samsung-galaxy-s26-ultra-review/,فارسی (FA),دوربین گلکسی اس 26 اولترا چیست؟,"دوربین گلکسی S26 اولترا شامل مشخصات و ویژگی‌های زیر است:

### دوربین اصلی:
- **حسگر:** 200 مگاپیکسلی ایزوسل HP2
- **دیافراگم:** f/1.4 (بازتر از نسل قبل)
- **ابعاد حسگر:** 1/1.3 اینچ
- **پیکسل‌ها:** 0.6 میکرومتر
- **فوکوس:** فوکوس خودکار تشخیص فاز چندجهتی
- **عملکرد:** جذب 47 درصد نور بیشتر نسبت به نسل قبل، ثبت عکس‌های پرجزئیات‌تر و شفاف‌تر در نور کم.

### دوربین اولتراواید:
- **حسگر:** همان ماژول 50 مگاپیکسلی پارسال
- **عملکرد:** تغییر خاصی نسبت به نسل قبل ندارد.

### دوربین تله‌فوتو 5 برابری:
- **حسگر:** 50 مگاپیکسلی (مشابه S24 اولترا)
- **دیافراگم:** f/2.9 (بازتر از نسل قبل)
- **عملکرد:** جذب 37 درصد نور بیشتر، مدیریت بهتر منابع نوری شدید در شب، عکس‌های پرجزئیات و چشم‌نواز.

### دوربین تله‌فوتو 3 برابری:
- **حسگر:** 10 مگاپیکسلی (کوچک‌تر از نسل قبل)
- **عملکرد:** پسرفت نسبت به نسل قبل؛ تصاویر در نور روز بیش‌ازحد شارپ و در شب رنگ‌پریده و پرنویز هستند.

### دوربین سلفی:
- **حسگر:** 12 مگاپیکسلی
- **لنز:** عریض‌تر (23 میلی‌متر به‌جای 26 میلی‌متر)
- **عملکرد:** پشتیبانی از فوکوس خودکار، گستره‌ی دینامیکی و شارپنس عالی در روز و شب، امکان ثبت افراد بیشتر در کادر.

### قابلیت‌های فیلم‌برداری:
- **4K:** ضبط ویدیو با نرخ 60 فریم‌برثانیه با تمام دوربین‌ها
- **8K:** فیلم‌برداری با نرخ 30 فریم‌برثانیه با دوربین‌های اصلی، اولتراواید و تله‌فوتوی 5 برابری
- **امکانات حرفه‌ای:** فیلم‌برداری با پروفایل Log و کدک APV بدون افت کیفیت

### نقاط ضعف:
- کاهش فاصله‌ی فوکوس دوربین‌ها: دوربین اصلی از 8 سانتی‌متر به 18 سانتی‌متر و دوربین 5 برابری از 26 سانتی‌متر به نیم‌متر افزایش یافته است، که باعث کاهش کیفیت عکس‌های کلوزآپ شده است.
- استفاده از حسگرهای قدیمی در برخی دوربین‌ها.
- عملکرد ضعیف دوربین تله‌فوتوی 3 برابری در نور کم.

در مجموع، گلکسی S26 اولترا در برخی بخش‌ها پیشرفت داشته (مانند دیافراگم بازتر و فیلم‌برداری حرفه‌ای)، اما در برخی دیگر (مانند حسگرهای قدیمی و کاهش فاصله‌ی فوکوس) دچار پسرفت شده است."
https://runflare.com/mirrors/pypi-mirror/,فارسی (FA),ران فلر چیست؟,"اطلاعاتی درباره ""رانفلر"" در متن منبع یافت نشد."
https://runflare.com/mirrors/pypi-mirror/,فارسی (FA),runflare چیست؟,"اطلاعاتی درباره ""runflare"" در متن منبع وجود ندارد."
https://en.wikipedia.org/wiki/Blue_Lock,English (EN),who is the main character in blue lock?,The main character in *Blue Lock* is **Yoichi Isagi**.
https://en.wikipedia.org/wiki/Blue_Lock,English (EN),who is the main character in blue lock? say some information about him.,"The main character in *Blue Lock* is **Yoichi Isagi**. 

### Information about Yoichi Isagi:
- **Role**: Yoichi Isagi is the protagonist of the *Blue Lock* manga and anime series. He is a young and aspiring soccer player who dreams of becoming the best striker in the world.
- **Personality**: Isagi is initially portrayed as a selfless team player who prioritizes teamwork over personal glory. However, his mindset evolves throughout the series as he learns to embrace his ego and develop his individual skills to achieve his goal of becoming the ultimate striker.
- **Background**: Before joining the Blue Lock program, Isagi played as a forward for his high school soccer team. His journey begins when he is invited to participate in the Blue Lock project, a rigorous and competitive training program designed to create the best striker for the Japanese national soccer team.
- **Key Traits**: Isagi is known for his exceptional spatial awareness and ability to read the field, which allows him to make strategic plays and adapt to various situations during matches. These qualities make him a standout player in the intense and cutthroat environment of Blue Lock.

The series follows Isagi's growth as a player and his struggle to balance his newfound ego with his natural inclination for teamwork, all while competing against other talented players in the Blue Lock program."
https://en.wikipedia.org/wiki/Blue_Lock,English (EN),who is the main character in blue lock? say some information about him.,"The main character in *Blue Lock* is **Yoichi Isagi**. 

### Information about Yoichi Isagi:
- **Role**: Yoichi Isagi is the protagonist of the *Blue Lock* manga and anime series. He is a young soccer player who joins the Blue Lock program to become the best striker in the world.
- **Personality**: Isagi is initially portrayed as a selfless team player, but his time in Blue Lock forces him to embrace a more egoistic and competitive mindset, which is essential for becoming a top striker.
- **Skills**: His key strength lies in his exceptional spatial awareness and ability to read the field. This allows him to predict plays and position himself strategically during matches.
- **Goal**: Isagi's ultimate goal is to become the world's greatest striker and lead Japan to win the World Cup.

The series follows his journey as he competes against other talented players in the intense and cutthroat environment of the Blue Lock program."
https://www.zoomit.ir/mobile-review/458878-samsung-galaxy-s26-ultra-review/,فارسی (FA),پردازنده گوشی گلکسی اس 26 اولترا چیست؟,بر اساس متن منبع، پردازنده گوشی گلکسی S26 اولترا **تراشه‌ی اسنپدراگون ۸ الیت نسل ۵** است که نسخه‌ی سفارشی آن برای گلکسی، فرکانس بالاتری دارد.
https://www.zoomit.ir/mobile-review/458878-samsung-galaxy-s26-ultra-review/,فارسی (FA),اطلاعات دوربین گلکسی اس 26 اولترا رو بگو,"بر اساس متن منبع، اطلاعات دوربین گلکسی S26 اولترا به شرح زیر است:

### دوربین اصلی:
- **حسگر:** 200 مگاپیکسل ایزوسل HP2
- **ابعاد حسگر:** 1/1.3 اینچ
- **اندازه پیکسل‌ها:** 0.6 میکرومتر
- **فوکوس:** فوکوس خودکار تشخیص فاز چندجهتی
- **دیافراگم لنز:** بازتر از نسل قبلی، که باعث ثبت عکس‌های پرجزئیات‌تر و شفاف‌تر می‌شود.
- **فاصله فوکوس:** از 8 سانتی‌متر در نسل قبل به 18 سانتی‌متر افزایش یافته است.

### دوربین اولتراواید:
- **حسگر:** همان ماژول 50 مگاپیکسلی نسل قبل.

### دوربین تله‌فوتو 5 برابری:
- **حسگر:** 50 مگاپیکسلی (مشابه S24 اولترا).
- **فاصله فوکوس:** از 26 سانتی‌متر در نسل قبل به نیم‌متر افزایش یافته است.
- **عملکرد در تاریکی:** ثبت جزئیات بهتر و کنترل بازتاب نور محیطی.

### دوربین تله‌فوتو 3 برابری:
- **حسگر:** 10 مگاپیکسلی (کوچک‌تر از نسل قبل، پسرفت محسوب می‌شود).

### دوربین سلفی:
- **حسگر:** 12 مگاپیکسلی (بدون تغییر نسبت به نسل قبل).
- **لنز:** عریض‌تر (23 میلی‌متر به‌جای 26 میلی‌متر).
- **ویژگی‌ها:** فوکوس خودکار، گستره دینامیکی و شارپنس عالی در روز و شب.

### قابلیت‌های فیلم‌برداری:
- **رزولوشن:** 
  - 4K با نرخ 60 فریم‌برثانیه برای تمام دوربین‌ها.
  - 8K با نرخ 30 فریم‌برثانیه برای دوربین‌های اصلی، اولتراواید و تله‌فوتوی 5 برابری.
- **امکانات حرفه‌ای:** فیلم‌برداری با پروفایل Log و کدک APV (بدون افت کیفیت).

### سایر نکات:
- عکس‌ها به‌صورت پیش‌فرض با ابعاد 12 مگاپیکسل ثبت می‌شوند، اما امکان عکاسی با ابعاد 50 و 200 مگاپیکسل وجود دارد.
- حالت شب به‌صورت آیکون پویا در ویوفایندر نمایش داده می‌شود.
- در شرایط نوری ایدئال، عکس‌های دوربین اصلی S26 اولترا و S25 اولترا بسیار نزدیک به هم هستند.

### طراحی دوربین:
- سامسونگ از طراحی «جزیره‌ی دوربین» استفاده کرده که سه دوربین اصلی به‌صورت عمودی در آن قرار دارند و دوربین تله‌فوتو 3 برابری و ماژول فوکوس لیزری به‌صورت مجزا در کنار آن جای گرفته‌اند.
- برآمدگی دوربین‌ها زیاد شده است، که ممکن است هنگام استفاده روی سطح صاف باعث لق‌خوردن گوشی شود.

### نقاط ضعف:
- استفاده از حسگرهای قدیمی در برخی دوربین‌ها.
- کاهش فاصله فوکوس دوربین‌ها.
- پسرفت در حسگر دوربین تله‌فوتوی 3 برابری."
https://www.zoomit.ir/mobile-review/458878-samsung-galaxy-s26-ultra-review/,فارسی (FA),دوربین گوشی گلکسی اس 26 اولترا چیست؟,"دوربین گوشی گلکسی S26 اولترا شامل مشخصات زیر است:

### دوربین اصلی:
- حسگر ۲۰۰ مگاپیکسلی ایزوسل HP2 با ابعاد 1/1.3 اینچ و پیکسل‌های ۰٫۶ میکرومتر.
- دیافراگم بازتر f/1.4 که جذب نور را تا ۴۷ درصد افزایش داده است.
- فوکوس خودکار تشخیص فاز چندجهتی.
- امکان عکاسی با ابعاد ۱۲، ۵۰ و ۲۰۰ مگاپیکسل (با اپلیکیشن Expert RAW امکان عکاسی ۲۴ مگاپیکسلی نیز وجود دارد).
- عملکرد خوب در نور روز با جزئیات طبیعی، گستره‌ی دینامیکی وسیع و رنگ‌های چشم‌نواز، اما در شرایط نوری ایدئال عکس‌های آن بسیار نزدیک به نسل قبلی (S25 اولترا) هستند.
- فاصله‌ی فوکوس دوربین اصلی از ۸ سانتی‌متر به ۱۸ سانتی‌متر افزایش یافته است که باعث کاهش کیفیت عکس‌های کلوزآپ شده است.

### دوربین اولتراواید:
- حسگر ۵۰ مگاپیکسلی مشابه نسل قبلی.

### دوربین تله‌فوتو ۵برابری:
- حسگر ۵۰ مگاپیکسلی با دیافراگم f/2.9 که جذب نور را تا ۳۷ درصد افزایش داده است.
- عملکرد بسیار خوب در نور روز و شب، با مدیریت مناسب منابع نوری شدید.
- فاصله‌ی فوکوس این دوربین از ۲۶ سانتی‌متر به نیم‌متر افزایش یافته است.

### دوربین تله‌فوتو ۳برابری:
- حسگر ۱۰ مگاپیکسلی که نسبت به نسل قبلی کوچک‌تر شده است.
- عملکرد ضعیف‌تر نسبت به سایر دوربین‌ها، با تصاویر شارپ بیش‌ازحد و نویز در نور روز و خروجی رنگ‌پریده و پرنویز در شب.

### دوربین سلفی:
- حسگر ۱۲ مگاپیکسلی با لنز عریض‌تر ۲۳ میلی‌متر به‌جای ۲۶ میلی‌متر.
- پشتیبانی از فوکوس خودکار، گستره‌ی دینامیکی و شارپنس عالی در روز و شب.

### قابلیت‌های فیلم‌برداری:
- فیلم‌برداری 4K با نرخ ۶۰ فریم‌برثانیه با تمام دوربین‌ها.
- فیلم‌برداری 8K با نرخ ۳۰ فریم‌برثانیه با دوربین‌های اصلی، اولتراواید و تله‌فوتوی ۵برابری.
- اضافه‌شدن امکانات حرفه‌ای مانند فیلم‌برداری با پروفایل Log و کدک بدون افت کیفیت APV.

در مجموع، تغییرات سخت‌افزاری دوربین گلکسی S26 اولترا نسبت به نسل قبلی ناچیز بوده و در برخی موارد حتی شاهد پسرفت هستیم."
